experiment,changed,window,hidden_size,n_layers,dropout,fc_units,lr,batch_size,best_val_rmse,epochs,best_epoch,train_time_s,params
E0,baseline,30,64,1,0.2,32,0.001,128,13.884220123291016,36,21,175.3852984905243,22593
E1,window = 40,40,64,1,0.2,32,0.001,128,12.800201416015625,34,19,191.5525987148285,22593
E2,window = 50,50,64,1,0.2,32,0.001,128,12.96409797668457,25,10,167.06092166900635,22593
E3,hidden_size = 32,30,32,1,0.2,32,0.001,128,14.251745223999023,30,15,61.76609492301941,7233
E4,hidden_size = 128,30,128,1,0.2,32,0.001,128,13.363865852355957,28,13,223.07687497138977,77889
E5,n_layers = 2,30,64,2,0.2,32,0.001,128,14.566362380981445,24,9,196.42341375350952,55873
E6,dropout = 0.4,30,64,1,0.4,32,0.001,128,13.695268630981445,47,32,169.1498544216156,22593
E7,lr = 0.003,30,64,1,0.2,32,0.003,128,13.315001487731934,30,15,84.65754914283752,22593
E8,batch_size = 64,30,64,1,0.2,32,0.001,64,13.57203483581543,24,9,75.09831976890564,22593
E9,"combined: window=40, hidden_size=128, dropout=0.4, lr=0.003, batch_size=64",40,128,1,0.4,32,0.003,64,12.543089866638184,22,7,114.63618540763855,77889
