trial,window,n_filters,kernel_size,n_layers,dropout,fc_units,pooling,lr,batch_size,weight_decay,best_val_rmse,epochs,best_epoch,train_time_s,params
0,30,32,5,3,0.2,64,flatten,0.001,128,0.0,19.222185134887695,13,5,96.0858633518219,74337
1,20,16,7,2,0.2,32,flatten,0.003,256,0.0,17.77315330505371,19,11,47.18502879142761,13761
2,20,128,3,2,0.1,32,flatten,0.003,256,0.0,19.709096908569336,14,6,181.94414520263672,137281
3,20,32,9,2,0.5,128,gap,0.0003,64,0.0,17.64238166809082,21,13,121.40471315383911,17793
4,50,64,7,2,0.2,64,flatten,0.0003,128,0.0,17.27682113647461,19,11,289.6327385902405,240257
5,20,64,7,4,0.3,32,gap,0.003,64,0.0,17.681682586669922,12,4,230.8414068222046,95169
6,50,16,7,4,0.3,128,flatten,0.003,64,0.0,14.75434398651123,10,2,98.15193438529968,109793
7,20,32,7,2,0.2,32,gap,0.001,128,0.0,17.80019187927246,24,16,118.86279511451721,11585
8,40,32,7,3,0.2,128,gap,0.003,256,0.0,15.722350120544434,14,6,114.187082529068,22113
9,20,32,5,2,0.5,64,gap,0.003,256,0.0,19.76007080078125,19,11,83.36660170555115,9729
10,30,64,3,2,0.1,64,gap,0.001,64,0.0,20.767744064331055,16,8,191.2148892879486,19585
11,30,64,5,4,0.5,64,gap,0.0003,128,0.0,19.550559997558594,21,13,310.4703207015991,70913
12,30,32,7,4,0.5,128,gap,0.001,64,0.0,16.988895416259766,12,4,170.42096400260925,29377
13,30,128,3,2,0.1,32,flatten,0.003,128,0.0,18.565258026123047,20,12,250.200585603714,178241
14,20,128,9,4,0.5,128,gap,0.003,64,0.0,16.876684188842773,15,7,468.8407881259918,476673
15,20,64,7,2,0.3,64,flatten,0.001,64,0.0,18.538541793823242,11,3,70.40725493431091,117377
16,40,32,3,4,0.3,128,flatten,0.0003,128,0.0,22.520362854003906,16,8,119.64551138877869,175041
17,30,16,7,3,0.1,32,gap,0.001,64,0.0,17.158275604248047,14,6,71.4822130203247,5873
18,20,32,3,2,0.5,32,flatten,0.0003,256,0.0,22.879928588867188,15,7,56.42926478385925,25153
19,50,32,7,4,0.5,32,flatten,0.003,128,0.0,17.16620635986328,15,7,107.27486515045166,76289
20,50,64,9,4,0.5,32,flatten,0.0003,64,0.0,15.61175537109375,12,4,219.9354865550995,221889
21,40,16,5,4,0.2,32,flatten,0.003,256,0.0,19.075382232666016,17,9,41.20204949378967,25697
22,20,32,3,2,0.3,32,flatten,0.001,256,0.0,20.467952728271484,15,7,30.122576475143433,25153
23,50,32,5,4,0.5,32,gap,0.001,64,0.0,21.08794593811035,16,8,97.0454773902893,19073
24,20,16,9,3,0.5,64,gap,0.003,64,0.0,19.572696685791016,14,6,44.1053991317749,7921
25,20,16,9,4,0.3,32,flatten,0.0003,64,0.0,17.432472229003906,15,7,55.87755632400513,19425
26,50,32,9,2,0.3,64,flatten,0.0003,128,0.0,16.390426635742188,18,10,112.33212566375732,115969
27,20,16,3,2,0.2,32,gap,0.001,128,0.0,20.969514846801758,23,15,62.54455327987671,2113
28,30,128,3,2,0.5,32,gap,0.001,128,0.0,23.3780574798584,11,3,167.33053183555603,59457
29,40,128,9,2,0.2,64,flatten,0.0003,256,0.0,16.75606346130371,19,11,434.8987572193146,492161
