trial,window,n_filters,kernel_size,n_layers,dropout,fc_units,pooling,lr,batch_size,weight_decay,noise_std,best_val_rmse,epochs,best_epoch,train_time_s,params
0,50,16,7,4,0.3,128,flatten,0.003,64,0.0,0.0,14.75434398651123,12,2,91.51291275024414,109793
1,40,32,9,3,0.5,64,flatten,0.003,128,0.001,0.0,14.895169258117676,14,4,109.92871904373169,104801
2,50,32,9,4,0.5,32,flatten,0.001,64,0.0001,0.0,17.785600662231445,13,3,171.46926069259644,83329
3,40,16,9,4,0.3,64,gap,0.001,128,0.0,0.0,15.364952087402344,16,6,76.51044654846191,10273
4,40,16,5,3,0.5,64,flatten,0.001,64,0.0,0.1,19.005388259887695,16,6,95.23536610603333,44913
5,50,32,7,4,0.3,32,flatten,0.003,64,0.001,0.05,14.647295951843262,12,2,170.58241176605225,76289
6,50,16,9,3,0.3,64,gap,0.003,128,0.0,0.05,15.635132789611816,17,7,83.86961722373962,7921
7,50,16,7,3,0.3,128,flatten,0.003,64,0.001,0.1,15.142351150512695,13,3,100.88745450973511,107953
8,50,32,9,3,0.3,32,flatten,0.001,64,0.001,0.0,15.770478248596191,12,2,143.98296856880188,74017
9,50,16,9,4,0.5,128,gap,0.003,128,0.0,0.1,18.351247787475586,12,2,79.16661143302917,11425
10,40,16,9,3,0.5,32,gap,0.003,128,0.0001,0.05,18.00535011291504,15,5,72.19251441955566,7345
11,50,16,5,3,0.3,128,flatten,0.001,128,0.0,0.05,19.724510192871094,22,12,129.2525236606598,106481
12,40,16,7,4,0.3,32,gap,0.001,64,0.0,0.0,16.84169578552246,19,9,138.13056874275208,7713
13,40,32,7,3,0.3,64,gap,0.001,64,0.0,0.0,16.636703491210938,16,6,141.95110487937927,19937
14,40,16,9,4,0.3,64,gap,0.001,64,0.0,0.05,14.628653526306152,13,3,96.90136814117432,10273
15,40,32,7,4,0.3,128,flatten,0.001,64,0.0,0.0,17.871829986572266,12,2,147.7710404396057,189121
16,40,32,7,4,0.3,64,gap,0.001,128,0.0,0.0,17.255611419677734,21,11,173.81702160835266,27201
17,40,32,9,3,0.5,128,gap,0.003,128,0.0001,0.05,16.225706100463867,23,13,165.47107243537903,27105
18,50,32,9,4,0.3,32,flatten,0.001,64,0.001,0.1,14.822637557983398,16,6,5167.358813285828,83329
19,40,16,5,3,0.3,64,flatten,0.003,128,0.0001,0.05,18.586732864379883,13,3,56.87538146972656,44913
